IdCliente,Nombre,Email
1,Cliente_1,cliente1@mail.com
2,Cliente_2,cliente2@mail.com
3,Cliente_3,cliente3@mail.com
4,Cliente_4,cliente4@mail.com
5,Cliente_5,cliente5@mail.com
6,Cliente_6,cliente6@mail.com
7,Cliente_7,cliente7@mail.com
8,Cliente_8,cliente8@mail.com
9,Cliente_9,cliente9@mail.com
10,Cliente_10,cliente10@mail.com
11,Cliente_11,cliente11@mail.com
12,Cliente_12,cliente12@mail.com
13,Cliente_13,cliente13@mail.com
14,Cliente_14,cliente14@mail.com
15,Cliente_15,cliente15@mail.com
16,Cliente_16,cliente16@mail.com
17,Cliente_17,cliente17@mail.com
18,Cliente_18,cliente18@mail.com
19,Cliente_19,cliente19@mail.com
20,Cliente_20,cliente20@mail.com
21,Cliente_21,cliente21@mail.com
22,Cliente_22,cliente22@mail.com
23,Cliente_23,cliente23@mail.com
24,Cliente_24,cliente24@mail.com
25,Cliente_25,cliente25@mail.com
26,Cliente_26,cliente26@mail.com
27,Cliente_27,cliente27@mail.com
28,Cliente_28,cliente28@mail.com
29,Cliente_29,cliente29@mail.com
30,Cliente_30,cliente30@mail.com
31,Cliente_31,cliente31@mail.com
32,Cliente_32,cliente32@mail.com
33,Cliente_33,cliente33@mail.com
34,Cliente_34,cliente34@mail.com
35,Cliente_35,cliente35@mail.com
36,Cliente_36,cliente36@mail.com
37,Cliente_37,cliente37@mail.com
38,Cliente_38,cliente38@mail.com
39,Cliente_39,cliente39@mail.com
40,Cliente_40,cliente40@mail.com
41,Cliente_41,cliente41@mail.com
42,Cliente_42,cliente42@mail.com
43,Cliente_43,cliente43@mail.com
44,Cliente_44,cliente44@mail.com
45,Cliente_45,cliente45@mail.com
46,Cliente_46,cliente46@mail.com
47,Cliente_47,cliente47@mail.com
48,Cliente_48,cliente48@mail.com
49,Cliente_49,cliente49@mail.com
50,Cliente_50,cliente50@mail.com
51,Cliente_51,cliente51@mail.com
52,Cliente_52,cliente52@mail.com
53,Cliente_53,cliente53@mail.com
54,Cliente_54,cliente54@mail.com
55,Cliente_55,cliente55@mail.com
56,Cliente_56,cliente56@mail.com
57,Cliente_57,cliente57@mail.com
58,Cliente_58,cliente58@mail.com
59,Cliente_59,cliente59@mail.com
60,Cliente_60,cliente60@mail.com
61,Cliente_61,cliente61@mail.com
62,Cliente_62,cliente62@mail.com
63,Cliente_63,cliente63@mail.com
64,Cliente_64,cliente64@mail.com
65,Cliente_65,cliente65@mail.com
66,Cliente_66,cliente66@mail.com
67,Cliente_67,cliente67@mail.com
68,Cliente_68,cliente68@mail.com
69,Cliente_69,cliente69@mail.com
70,Cliente_70,cliente70@mail.com
71,Cliente_71,cliente71@mail.com
72,Cliente_72,cliente72@mail.com
73,Cliente_73,cliente73@mail.com
74,Cliente_74,cliente74@mail.com
75,Cliente_75,cliente75@mail.com
76,Cliente_76,cliente76@mail.com
77,Cliente_77,cliente77@mail.com
78,Cliente_78,cliente78@mail.com
79,Cliente_79,cliente79@mail.com
80,Cliente_80,cliente80@mail.com
81,Cliente_81,cliente81@mail.com
82,Cliente_82,cliente82@mail.com
83,Cliente_83,cliente83@mail.com
84,Cliente_84,cliente84@mail.com
85,Cliente_85,cliente85@mail.com
86,Cliente_86,cliente86@mail.com
87,Cliente_87,cliente87@mail.com
88,Cliente_88,cliente88@mail.com
89,Cliente_89,cliente89@mail.com
90,Cliente_90,cliente90@mail.com
91,Cliente_91,cliente91@mail.com
92,Cliente_92,cliente92@mail.com
93,Cliente_93,cliente93@mail.com
94,Cliente_94,cliente94@mail.com
95,Cliente_95,cliente95@mail.com
96,Cliente_96,cliente96@mail.com
97,Cliente_97,cliente97@mail.com
98,Cliente_98,cliente98@mail.com
99,Cliente_99,cliente99@mail.com
100,Cliente_100,cliente100@mail.com
101,Cliente_101,cliente101@mail.com
102,Cliente_102,cliente102@mail.com
103,Cliente_103,cliente103@mail.com
104,Cliente_104,cliente104@mail.com
105,Cliente_105,cliente105@mail.com
106,Cliente_106,cliente106@mail.com
107,Cliente_107,cliente107@mail.com
108,Cliente_108,cliente108@mail.com
109,Cliente_109,cliente109@mail.com
110,Cliente_110,cliente110@mail.com
111,Cliente_111,cliente111@mail.com
112,Cliente_112,cliente112@mail.com
113,Cliente_113,cliente113@mail.com
114,Cliente_114,cliente114@mail.com
115,Cliente_115,cliente115@mail.com
116,Cliente_116,cliente116@mail.com
117,Cliente_117,cliente117@mail.com
118,Cliente_118,cliente118@mail.com
119,Cliente_119,cliente119@mail.com
120,Cliente_120,cliente120@mail.com
121,Cliente_121,cliente121@mail.com
122,Cliente_122,cliente122@mail.com
123,Cliente_123,cliente123@mail.com
124,Cliente_124,cliente124@mail.com
125,Cliente_125,cliente125@mail.com
126,Cliente_126,cliente126@mail.com
127,Cliente_127,cliente127@mail.com
128,Cliente_128,cliente128@mail.com
129,Cliente_129,cliente129@mail.com
130,Cliente_130,cliente130@mail.com
131,Cliente_131,cliente131@mail.com
132,Cliente_132,cliente132@mail.com
133,Cliente_133,cliente133@mail.com
134,Cliente_134,cliente134@mail.com
135,Cliente_135,cliente135@mail.com
136,Cliente_136,cliente136@mail.com
137,Cliente_137,cliente137@mail.com
138,Cliente_138,cliente138@mail.com
139,Cliente_139,cliente139@mail.com
140,Cliente_140,cliente140@mail.com
141,Cliente_141,cliente141@mail.com
142,Cliente_142,cliente142@mail.com
143,Cliente_143,cliente143@mail.com
144,Cliente_144,cliente144@mail.com
145,Cliente_145,cliente145@mail.com
146,Cliente_146,cliente146@mail.com
147,Cliente_147,cliente147@mail.com
148,Cliente_148,cliente148@mail.com
149,Cliente_149,cliente149@mail.com
150,Cliente_150,cliente150@mail.com
151,Cliente_151,cliente151@mail.com
152,Cliente_152,cliente152@mail.com
153,Cliente_153,cliente153@mail.com
154,Cliente_154,cliente154@mail.com
155,Cliente_155,cliente155@mail.com
156,Cliente_156,cliente156@mail.com
157,Cliente_157,cliente157@mail.com
158,Cliente_158,cliente158@mail.com
159,Cliente_159,cliente159@mail.com
160,Cliente_160,cliente160@mail.com
161,Cliente_161,cliente161@mail.com
162,Cliente_162,cliente162@mail.com
163,Cliente_163,cliente163@mail.com
164,Cliente_164,cliente164@mail.com
165,Cliente_165,cliente165@mail.com
166,Cliente_166,cliente166@mail.com
167,Cliente_167,cliente167@mail.com
168,Cliente_168,cliente168@mail.com
169,Cliente_169,cliente169@mail.com
170,Cliente_170,cliente170@mail.com
171,Cliente_171,cliente171@mail.com
172,Cliente_172,cliente172@mail.com
173,Cliente_173,cliente173@mail.com
174,Cliente_174,cliente174@mail.com
175,Cliente_175,cliente175@mail.com
176,Cliente_176,cliente176@mail.com
177,Cliente_177,cliente177@mail.com
178,Cliente_178,cliente178@mail.com
179,Cliente_179,cliente179@mail.com
180,Cliente_180,cliente180@mail.com
181,Cliente_181,cliente181@mail.com
182,Cliente_182,cliente182@mail.com
183,Cliente_183,cliente183@mail.com
184,Cliente_184,cliente184@mail.com
185,Cliente_185,cliente185@mail.com
186,Cliente_186,cliente186@mail.com
187,Cliente_187,cliente187@mail.com
188,Cliente_188,cliente188@mail.com
189,Cliente_189,cliente189@mail.com
190,Cliente_190,cliente190@mail.com
191,Cliente_191,cliente191@mail.com
192,Cliente_192,cliente192@mail.com
193,Cliente_193,cliente193@mail.com
194,Cliente_194,cliente194@mail.com
195,Cliente_195,cliente195@mail.com
196,Cliente_196,cliente196@mail.com
197,Cliente_197,cliente197@mail.com
198,Cliente_198,cliente198@mail.com
199,Cliente_199,cliente199@mail.com
200,Cliente_200,cliente200@mail.com
201,Cliente_201,cliente201@mail.com
202,Cliente_202,cliente202@mail.com
203,Cliente_203,cliente203@mail.com
204,Cliente_204,cliente204@mail.com
205,Cliente_205,cliente205@mail.com
206,Cliente_206,cliente206@mail.com
207,Cliente_207,cliente207@mail.com
208,Cliente_208,cliente208@mail.com
209,Cliente_209,cliente209@mail.com
210,Cliente_210,cliente210@mail.com
211,Cliente_211,cliente211@mail.com
212,Cliente_212,cliente212@mail.com
213,Cliente_213,cliente213@mail.com
214,Cliente_214,cliente214@mail.com
215,Cliente_215,cliente215@mail.com
216,Cliente_216,cliente216@mail.com
217,Cliente_217,cliente217@mail.com
218,Cliente_218,cliente218@mail.com
219,Cliente_219,cliente219@mail.com
220,Cliente_220,cliente220@mail.com
221,Cliente_221,cliente221@mail.com
222,Cliente_222,cliente222@mail.com
223,Cliente_223,cliente223@mail.com
224,Cliente_224,cliente224@mail.com
225,Cliente_225,cliente225@mail.com
226,Cliente_226,cliente226@mail.com
227,Cliente_227,cliente227@mail.com
228,Cliente_228,cliente228@mail.com
229,Cliente_229,cliente229@mail.com
230,Cliente_230,cliente230@mail.com
231,Cliente_231,cliente231@mail.com
232,Cliente_232,cliente232@mail.com
233,Cliente_233,cliente233@mail.com
234,Cliente_234,cliente234@mail.com
235,Cliente_235,cliente235@mail.com
236,Cliente_236,cliente236@mail.com
237,Cliente_237,cliente237@mail.com
238,Cliente_238,cliente238@mail.com
239,Cliente_239,cliente239@mail.com
240,Cliente_240,cliente240@mail.com
241,Cliente_241,cliente241@mail.com
242,Cliente_242,cliente242@mail.com
243,Cliente_243,cliente243@mail.com
244,Cliente_244,cliente244@mail.com
245,Cliente_245,cliente245@mail.com
246,Cliente_246,cliente246@mail.com
247,Cliente_247,cliente247@mail.com
248,Cliente_248,cliente248@mail.com
249,Cliente_249,cliente249@mail.com
250,Cliente_250,cliente250@mail.com
251,Cliente_251,cliente251@mail.com
252,Cliente_252,cliente252@mail.com
253,Cliente_253,cliente253@mail.com
254,Cliente_254,cliente254@mail.com
255,Cliente_255,cliente255@mail.com
256,Cliente_256,cliente256@mail.com
257,Cliente_257,cliente257@mail.com
258,Cliente_258,cliente258@mail.com
259,Cliente_259,cliente259@mail.com
260,Cliente_260,cliente260@mail.com
261,Cliente_261,cliente261@mail.com
262,Cliente_262,cliente262@mail.com
263,Cliente_263,cliente263@mail.com
264,Cliente_264,cliente264@mail.com
265,Cliente_265,cliente265@mail.com
266,Cliente_266,cliente266@mail.com
267,Cliente_267,cliente267@mail.com
268,Cliente_268,cliente268@mail.com
269,Cliente_269,cliente269@mail.com
270,Cliente_270,cliente270@mail.com
271,Cliente_271,cliente271@mail.com
272,Cliente_272,cliente272@mail.com
273,Cliente_273,cliente273@mail.com
274,Cliente_274,cliente274@mail.com
275,Cliente_275,cliente275@mail.com
276,Cliente_276,cliente276@mail.com
277,Cliente_277,cliente277@mail.com
278,Cliente_278,cliente278@mail.com
279,Cliente_279,cliente279@mail.com
280,Cliente_280,cliente280@mail.com
281,Cliente_281,cliente281@mail.com
282,Cliente_282,cliente282@mail.com
283,Cliente_283,cliente283@mail.com
284,Cliente_284,cliente284@mail.com
285,Cliente_285,cliente285@mail.com
286,Cliente_286,cliente286@mail.com
287,Cliente_287,cliente287@mail.com
288,Cliente_288,cliente288@mail.com
289,Cliente_289,cliente289@mail.com
290,Cliente_290,cliente290@mail.com
291,Cliente_291,cliente291@mail.com
292,Cliente_292,cliente292@mail.com
293,Cliente_293,cliente293@mail.com
294,Cliente_294,cliente294@mail.com
295,Cliente_295,cliente295@mail.com
296,Cliente_296,cliente296@mail.com
297,Cliente_297,cliente297@mail.com
298,Cliente_298,cliente298@mail.com
299,Cliente_299,cliente299@mail.com
300,Cliente_300,cliente300@mail.com
301,Cliente_301,cliente301@mail.com
302,Cliente_302,cliente302@mail.com
303,Cliente_303,cliente303@mail.com
304,Cliente_304,cliente304@mail.com
305,Cliente_305,cliente305@mail.com
306,Cliente_306,cliente306@mail.com
307,Cliente_307,cliente307@mail.com
308,Cliente_308,cliente308@mail.com
309,Cliente_309,cliente309@mail.com
310,Cliente_310,cliente310@mail.com
311,Cliente_311,cliente311@mail.com
312,Cliente_312,cliente312@mail.com
313,Cliente_313,cliente313@mail.com
314,Cliente_314,cliente314@mail.com
315,Cliente_315,cliente315@mail.com
316,Cliente_316,cliente316@mail.com
317,Cliente_317,cliente317@mail.com
318,Cliente_318,cliente318@mail.com
319,Cliente_319,cliente319@mail.com
320,Cliente_320,cliente320@mail.com
321,Cliente_321,cliente321@mail.com
322,Cliente_322,cliente322@mail.com
323,Cliente_323,cliente323@mail.com
324,Cliente_324,cliente324@mail.com
325,Cliente_325,cliente325@mail.com
326,Cliente_326,cliente326@mail.com
327,Cliente_327,cliente327@mail.com
328,Cliente_328,cliente328@mail.com
329,Cliente_329,cliente329@mail.com
330,Cliente_330,cliente330@mail.com
331,Cliente_331,cliente331@mail.com
332,Cliente_332,cliente332@mail.com
333,Cliente_333,cliente333@mail.com
334,Cliente_334,cliente334@mail.com
335,Cliente_335,cliente335@mail.com
336,Cliente_336,cliente336@mail.com
337,Cliente_337,cliente337@mail.com
338,Cliente_338,cliente338@mail.com
339,Cliente_339,cliente339@mail.com
340,Cliente_340,cliente340@mail.com
341,Cliente_341,cliente341@mail.com
342,Cliente_342,cliente342@mail.com
343,Cliente_343,cliente343@mail.com
344,Cliente_344,cliente344@mail.com
345,Cliente_345,cliente345@mail.com
346,Cliente_346,cliente346@mail.com
347,Cliente_347,cliente347@mail.com
348,Cliente_348,cliente348@mail.com
349,Cliente_349,cliente349@mail.com
350,Cliente_350,cliente350@mail.com
351,Cliente_351,cliente351@mail.com
352,Cliente_352,cliente352@mail.com
353,Cliente_353,cliente353@mail.com
354,Cliente_354,cliente354@mail.com
355,Cliente_355,cliente355@mail.com
356,Cliente_356,cliente356@mail.com
357,Cliente_357,cliente357@mail.com
358,Cliente_358,cliente358@mail.com
359,Cliente_359,cliente359@mail.com
360,Cliente_360,cliente360@mail.com
361,Cliente_361,cliente361@mail.com
362,Cliente_362,cliente362@mail.com
363,Cliente_363,cliente363@mail.com
364,Cliente_364,cliente364@mail.com
365,Cliente_365,cliente365@mail.com
366,Cliente_366,cliente366@mail.com
367,Cliente_367,cliente367@mail.com
368,Cliente_368,cliente368@mail.com
369,Cliente_369,cliente369@mail.com
370,Cliente_370,cliente370@mail.com
371,Cliente_371,cliente371@mail.com
372,Cliente_372,cliente372@mail.com
373,Cliente_373,cliente373@mail.com
374,Cliente_374,cliente374@mail.com
375,Cliente_375,cliente375@mail.com
376,Cliente_376,cliente376@mail.com
377,Cliente_377,cliente377@mail.com
378,Cliente_378,cliente378@mail.com
379,Cliente_379,cliente379@mail.com
380,Cliente_380,cliente380@mail.com
381,Cliente_381,cliente381@mail.com
382,Cliente_382,cliente382@mail.com
383,Cliente_383,cliente383@mail.com
384,Cliente_384,cliente384@mail.com
385,Cliente_385,cliente385@mail.com
386,Cliente_386,cliente386@mail.com
387,Cliente_387,cliente387@mail.com
388,Cliente_388,cliente388@mail.com
389,Cliente_389,cliente389@mail.com
390,Cliente_390,cliente390@mail.com
391,Cliente_391,cliente391@mail.com
392,Cliente_392,cliente392@mail.com
393,Cliente_393,cliente393@mail.com
394,Cliente_394,cliente394@mail.com
395,Cliente_395,cliente395@mail.com
396,Cliente_396,cliente396@mail.com
397,Cliente_397,cliente397@mail.com
398,Cliente_398,cliente398@mail.com
399,Cliente_399,cliente399@mail.com
400,Cliente_400,cliente400@mail.com
401,Cliente_401,cliente401@mail.com
402,Cliente_402,cliente402@mail.com
403,Cliente_403,cliente403@mail.com
404,Cliente_404,cliente404@mail.com
405,Cliente_405,cliente405@mail.com
406,Cliente_406,cliente406@mail.com
407,Cliente_407,cliente407@mail.com
408,Cliente_408,cliente408@mail.com
409,Cliente_409,cliente409@mail.com
410,Cliente_410,cliente410@mail.com
411,Cliente_411,cliente411@mail.com
412,Cliente_412,cliente412@mail.com
413,Cliente_413,cliente413@mail.com
414,Cliente_414,cliente414@mail.com
415,Cliente_415,cliente415@mail.com
416,Cliente_416,cliente416@mail.com
417,Cliente_417,cliente417@mail.com
418,Cliente_418,cliente418@mail.com
419,Cliente_419,cliente419@mail.com
420,Cliente_420,cliente420@mail.com
421,Cliente_421,cliente421@mail.com
422,Cliente_422,cliente422@mail.com
423,Cliente_423,cliente423@mail.com
424,Cliente_424,cliente424@mail.com
425,Cliente_425,cliente425@mail.com
426,Cliente_426,cliente426@mail.com
427,Cliente_427,cliente427@mail.com
428,Cliente_428,cliente428@mail.com
429,Cliente_429,cliente429@mail.com
430,Cliente_430,cliente430@mail.com
431,Cliente_431,cliente431@mail.com
432,Cliente_432,cliente432@mail.com
433,Cliente_433,cliente433@mail.com
434,Cliente_434,cliente434@mail.com
435,Cliente_435,cliente435@mail.com
436,Cliente_436,cliente436@mail.com
437,Cliente_437,cliente437@mail.com
438,Cliente_438,cliente438@mail.com
439,Cliente_439,cliente439@mail.com
440,Cliente_440,cliente440@mail.com
441,Cliente_441,cliente441@mail.com
442,Cliente_442,cliente442@mail.com
443,Cliente_443,cliente443@mail.com
444,Cliente_444,cliente444@mail.com
445,Cliente_445,cliente445@mail.com
446,Cliente_446,cliente446@mail.com
447,Cliente_447,cliente447@mail.com
448,Cliente_448,cliente448@mail.com
449,Cliente_449,cliente449@mail.com
450,Cliente_450,cliente450@mail.com
451,Cliente_451,cliente451@mail.com
452,Cliente_452,cliente452@mail.com
453,Cliente_453,cliente453@mail.com
454,Cliente_454,cliente454@mail.com
455,Cliente_455,cliente455@mail.com
456,Cliente_456,cliente456@mail.com
457,Cliente_457,cliente457@mail.com
458,Cliente_458,cliente458@mail.com
459,Cliente_459,cliente459@mail.com
460,Cliente_460,cliente460@mail.com
461,Cliente_461,cliente461@mail.com
462,Cliente_462,cliente462@mail.com
463,Cliente_463,cliente463@mail.com
464,Cliente_464,cliente464@mail.com
465,Cliente_465,cliente465@mail.com
466,Cliente_466,cliente466@mail.com
467,Cliente_467,cliente467@mail.com
468,Cliente_468,cliente468@mail.com
469,Cliente_469,cliente469@mail.com
470,Cliente_470,cliente470@mail.com
471,Cliente_471,cliente471@mail.com
472,Cliente_472,cliente472@mail.com
473,Cliente_473,cliente473@mail.com
474,Cliente_474,cliente474@mail.com
475,Cliente_475,cliente475@mail.com
476,Cliente_476,cliente476@mail.com
477,Cliente_477,cliente477@mail.com
478,Cliente_478,cliente478@mail.com
479,Cliente_479,cliente479@mail.com
480,Cliente_480,cliente480@mail.com
481,Cliente_481,cliente481@mail.com
482,Cliente_482,cliente482@mail.com
483,Cliente_483,cliente483@mail.com
484,Cliente_484,cliente484@mail.com
485,Cliente_485,cliente485@mail.com
486,Cliente_486,cliente486@mail.com
487,Cliente_487,cliente487@mail.com
488,Cliente_488,cliente488@mail.com
489,Cliente_489,cliente489@mail.com
490,Cliente_490,cliente490@mail.com
491,Cliente_491,cliente491@mail.com
492,Cliente_492,cliente492@mail.com
493,Cliente_493,cliente493@mail.com
494,Cliente_494,cliente494@mail.com
495,Cliente_495,cliente495@mail.com
496,Cliente_496,cliente496@mail.com
497,Cliente_497,cliente497@mail.com
498,Cliente_498,cliente498@mail.com
499,Cliente_499,cliente499@mail.com
500,Cliente_500,cliente500@mail.com